Symbol,Description,"Price change %, 1 day","Volume, 1 day","Relative volume, 1 day",Market capitalization,Market capitalization - Currency,Price to earnings ratio,"Earnings per share diluted, Trailing 12 months","Earnings per share diluted, Trailing 12 months - Currency","Earnings per share diluted growth %, TTM YoY","Dividend yield %, Trailing 12 months",Sector,Analyst rating,Price,Price - Currency,Industry
NVDA,NVIDIA Corporation,-4.126527677929554,153495587,1.010269908032679,4840967858390.087,USD,30.634935220067995,6.5298,USD,110.33338701884364,0.0191708602923556,Electronic technology,Strong buy,200.04,USD,Semiconductors
AAPL,Apple Inc.,-0.9124271910036631,52010820,0.9606702534830571,4322489143977.503,USD,35.60152422427871,8.2665,USD,29.004822172630675,0.353523450388876,Electronic technology,Buy,294.3,USD,Telecommunications equipment
GOOG,Alphabet Inc.,-0.7741269568209155,21818231,1.009010113334757,4199092587241.511,USD,26.39998169210701,13.1091,USD,46.187815730487436,0.240839497677619,Technology services,Strong buy,346.08,USD,Internet software/Services
GOOGL,Alphabet Inc.,-1.0152139098604471,34007651,1.0478946896196089,4188890142996.4663,USD,26.403795836480004,13.1091,USD,46.187815730487436,0.240219629375429,Technology services,Strong buy,346.13,USD,Internet software/Services
AMZN,"Amazon.com, Inc.",0.567034666437571,60492207,1.273014942678314,2518346803149.4756,USD,27.977819472495433,8.3677,USD,36.47513577870922,0,Retail trade,Strong buy,234.11,USD,Internet retail
TSM,Taiwan Semiconductor Manufacturing Company Ltd.,-6.688476917484556,20364067,1.4306865992325395,2055680166320.047,USD,36.268814255200674,12.0321,USD,54.805465493283926,0.563637393888853,Electronic technology,Strong buy,436.39,USD,Semiconductors
AVGO,Broadcom Inc.,-3.055109274985341,33122242,0.9447572939325319,1808594089220.3345,USD,63.28450141501582,6.007,USD,125.81008946695735,0.632443322367582,Electronic technology,Strong buy,380.15,USD,Semiconductors
MU,"Micron Technology, Inc.",-13.17588205187473,60243133,1.1196132285377567,1186116803204.6997,USD,49.65559243294793,21.1813,USD,409.11691183540046,0.0408624874110519,Electronic technology,Strong buy,1051.77,USD,Semiconductors
AMD,"Advanced Micro Devices, Inc.",-5.761107989050627,30196656,0.9691326467930623,847667722103.1898,USD,170.61603597098693,3.0469,USD,123.34701656648583,0,Electronic technology,Buy,519.85,USD,Semiconductors
ASML,ASML Holding N.V. - New York Registry Shares,-7.815990669949461,2415719,1.0084175928893613,722784791454.1624,USD,59.29939448905012,29.9912,USD,26.402744587321447,0.387083996371647,Electronic technology,Buy,1778.46,USD,Semiconductors
INTC,Intel Corporation,-6.144458634880088,132976743,0.890628980558294,664839291517.0135,USD,,-0.6263,USD,85.99601994499474,0,Electronic technology,Neutral,132.28,USD,Semiconductors
AMAT,"Applied Materials, Inc.",-8.481989440469862,12035056,1.0513346178803433,465164934758.2525,USD,55.04838861223339,10.643,USD,29.538345443701996,0.29835358805336,Producer manufacturing,Strong buy,585.88,USD,Industrial machinery
LRCX,Lam Research Corporation,-9.32997997753578,16065230,1.16413710505457,464374555799.5619,USD,70.08738981899171,5.2981,USD,47.59583240472476,0.246618156956585,Producer manufacturing,Buy,371.33,USD,Industrial machinery
ARM,Arm Holdings plc,-10.136858628470529,11079064,0.8049146662066351,433814081299,USD,432.88043478260863,0.8464,USD,13.595490538182803,0,Electronic technology,Buy,366.39,USD,Semiconductors
GE,GE Aerospace,0.3801531876548836,4735236,0.9611588964716365,371918435185.00146,USD,43.93270889820064,8.114,USD,26.528193612774466,0.436472178418563,Electronic technology,Buy,356.47,USD,Aerospace & defense
UNH,UnitedHealth Group Incorporated,0.6319464935575866,6675885,0.9616470930323594,371658067784.698,USD,30.90825327774757,13.2408,USD,-44.64988148934658,2.1736992229763,Health services,Buy,409.25,USD,Managed health care
MS,Morgan Stanley,-0.46677528733101514,6052807,0.9211407882048096,356513702935.12463,USD,20.471692132124517,11.0411,USD,29.550841292563295,1.7614161786076,Finance,Buy,226.03,USD,Investment managers
HSBC,"HSBC Holdings, plc.",-0.9532690912858789,1051482,0.5684960532236035,330358224885.4304,USD,15.797127794946373,6.0511,USD,11.526623292847004,3.86488446793078,Finance,Neutral,95.59,USD,Major banks
GS,"Goldman Sachs Group, Inc. (The)",-1.0783011108399394,2066874,0.8217175006322283,322867914692.3748,USD,20.000219292635055,54.7214,USD,26.993564617230493,1.40097797301084,Finance,Neutral,1094.44,USD,Investment banks/Brokers
KLAC,KLA Corporation,-9.165552087977415,18703754,1.2040922835055572,319371244754.29224,USD,69.11768863257286,3.5373,USD,28.554295682512006,0.297220983801456,Electronic technology,Buy,244.49,USD,Semiconductors
SNDK,Sandisk Corporation,-13.63970216340551,12867750,1.163685102755219,290789064878.4306,USD,68.2585314473826,28.7671,USD,,0,Electronic technology,Buy,1963.6,USD,Computer peripherals
DELL,Dell Technologies Inc.,2.166177067660193,6643874,0.7630865391462549,277321658870.06085,USD,33.99369045064804,12.5841,USD,100.63934948979589,0.526617467937236,Electronic technology,Buy,427.78,USD,Computer processing hardware
TXN,Texas Instruments Incorporated,-8.402552064523885,10814271,1.1701643992170634,276995854082.84,USD,52.06918378868493,5.8453,USD,10.750487883438492,1.69134464909113,Electronic technology,Buy,304.36,USD,Semiconductors
SFTBY,Softbank Group Corp,-8.457040035987399,7455054,1.8983216869828479,255888687300.69302,USD,7.039086821169146,2.891,USD,343.9496314496314,0.0982141250562303,Communications,Buy,20.35,USD,Specialty telecommunications
C,"Citigroup, Inc.",-0.4805382027871138,13297288,0.9196908892982432,248610132902.5983,USD,17.964064436183396,8.07,USD,27.480096044483766,1.64755955241299,Finance,Strong buy,144.97,USD,Major banks
MRVL,"Marvell Technology, Inc.",-9.361398038069249,46361050,0.5810489863647649,244104176978.46454,USD,95.3526517222526,2.9264,USD,,0.0779575131553303,Electronic technology,Strong buy,279.04,USD,Semiconductors
PANW,"Palo Alto Networks, Inc.",1.5764664804469426,5430451,0.7359403098167926,237095719947.58658,USD,239.2983466315703,1.2157,USD,-30.432045779685268,0,Technology services,Buy,290.915,USD,Packaged software
STX,Seagate Technology Holdings PLC,-5.068370443493843,5211121,1.1207410302689402,232881993634.55304,USD,98.58471760797342,10.535,USD,52.226685547495876,0.266900661767394,Electronic technology,Buy,1038.59,USD,Computer peripherals
WDC,Western Digital Corporation,-8.445032895634846,12684424,1.2570852507314147,231195536422.7253,USD,40.039756209669235,16.7521,USD,218.5112653294039,0.0614233845649859,Electronic technology,Buy,670.75,USD,Computer peripherals
MUFG,"Mitsubishi UFJ Financial Group, Inc.",-3.3077660594439005,3274762,0.9333309316721894,230624321928,USD,14.29280045351474,1.4112,USD,34.5152988275665,2.32920901246405,Finance,Buy,20.17,USD,Major banks
AXP,American Express Company,-0.0857810512615791,3549756,1.1464547020114204,230476221795.06848,USD,21.069111776447105,16.032,USD,11.993629104931163,1.0086668441447,Finance,Buy,337.78,USD,Finance/Rental/Leasing
TOELY,Tokyo Electron Ltd.,-7.739662225102258,612889,0.8864854466388814,218835141025.12064,USD,55.208181862246136,4.1262,USD,6.705629832682513,0.659453933972788,Producer manufacturing,Buy,227.8,USD,Industrial machinery
QCOM,QUALCOMM Incorporated,-8.008111762054984,23781891,1.1354797726734438,215153014082.1618,USD,22.203972414993363,9.1934,USD,-6.380855397148674,1.60432627309599,Electronic technology,Neutral,204.13,USD,Semiconductors
BHP,BHP Group Limited,-4.115178363254839,4244440,1.3353833936930755,214598182287.99997,USD,20.39879963294561,4.0321,USD,-9.901233464426177,3.06598274656097,Non-energy minerals,Neutral,82.25,USD,Steel
ANET,"Arista Networks, Inc.",-7.08065994500459,7770051,1.0527169409455008,204242664818.86,USD,55.54033694014518,2.9204,USD,23.546831373212623,0,Electronic technology,Strong buy,162.2,USD,Computer peripherals
SAN,"Banco Santander, S.A. Sponsored",-0.8023340627279446,7047779,0.7531157132540395,201189908850.88416,USD,10.863487499001517,1.2519,USD,43.995859213250526,1.46148796498906,Finance,Buy,13.6,USD,Major banks
ADI,"Analog Devices, Inc.",-8.579509742300445,7559622,1.4848478723806078,198371071227.86676,USD,60.52131011115735,6.7292,USD,83.19222497481829,0.913621262458472,Electronic technology,Buy,407.26,USD,Semiconductors
APH,Amphenol Corporation,-4.374548083875644,10010550,0.965455014539428,195238222582.96634,USD,45.603448275862064,3.48,USD,68.63733281643728,0.500120510966498,Electronic technology,Buy,158.7,USD,Electronic components
CRWD,"CrowdStrike Holdings, Inc.",0.811322989458709,2372011,0.7638301071965536,173338277409.0052,USD,,-0.1885,USD,73.02132531844855,0,Technology services,Buy,680.92,USD,Packaged software
RIO,Rio Tinto Plc,-3.8043478260869574,3186286,1.1309506632806503,170656288561.2934,USD,15.680162740337291,6.0956,USD,-13.847980326200638,4.02073268921095,Non-energy minerals,Buy,95.58,USD,Other metals/Minerals
IBKR,"Interactive Brokers Group, Inc.",-2.1896302416855926,6269257,1.369678001006647,160631287290.49997,USD,40.713671539122956,2.326,USD,28.423144876325097,0.330510225160091,Finance,Buy,94.7,USD,Investment banks/Brokers
UBS,UBS Group AG Registered,-1.6621040281580002,1230910,0.49019482905803874,152274234586.08655,USD,17.96669064869156,2.7990686200000003,USD,85.69118793825896,2.07151148730351,Finance,Neutral,50.29,USD,Investment managers
SCCO,Southern Copper Corporation,-5.971249539255439,1166152,0.7547888378045292,148986041548.2385,USD,30.246108504547838,5.9039,USD,36.79417966125258,1.90046595755884,Non-energy minerals,Sell,178.57,USD,Other metals/Minerals
IFNNY,Infineon Technologies AG,-6.980732371633211,440979,0.5915873083588425,127806521396.48639,USD,96.60555264536406,0.9545,USD,51.772936873906815,0.282397673898457,Electronic technology,Buy,92.21,USD,Semiconductors
VRT,"Vertiv Holdings, LLC",-11.073863001452674,10277343,1.6099742888935313,122269518473.31323,USD,79.90962721225054,3.9835,USD,130.95431354359923,0.0558721644876523,Electronic technology,Buy,318.32,USD,Electronic production equipment
SBUX,Starbucks Corporation,0.8986520219670409,6001639,0.7562474814385645,115166681820.68346,USD,77.1256296748588,1.3102,USD,-52.37541347097525,2.46630054917624,Consumer services,Neutral,101.05,USD,Restaurants
CDNS,"Cadence Design Systems, Inc.",-2.565288916306811,2140080,0.8092760747796082,104550818865.51784,USD,88.49305474495155,4.2835,USD,8.486982068686055,0,Technology services,Buy,379.06,USD,Packaged software
CMI,Cummins Inc.,-3.5699998620556466,812579,0.6831513917236332,96461251032.56557,USD,36.284692484571025,19.2657,USD,-4.155514651012388,1.1035548259832,Producer manufacturing,Buy,699.05,USD,Auto parts: OEM
ASX,"ASE Technology Holding Co., Ltd.",-8.826226501604756,17067807,1.3253988507105818,93401846979.504,USD,59.040973871733975,0.6736,USD,43.41068767298275,0.59895919303072,Electronic technology,No rating,39.77,USD,Semiconductors
HOOD,"Robinhood Markets, Inc.",-2.3271213697852557,40632283,1.0896753701556425,93059772697.73676,USD,49.93471006432268,2.0677,USD,18.0126705096741,0,Finance,Buy,103.25,USD,Investment banks/Brokers
FCX,"Freeport-McMoRan, Inc.",-6.9498627365987415,16705862,1.162178274277201,92578850825.96156,USD,34.260786295685485,1.8797,USD,55.154766817994215,0.866926744690074,Non-energy minerals,Buy,64.4,USD,Other metals/Minerals
BCS,Barclays PLC,-0.989373396848661,4506466,0.8061188288401209,92239234073.24261,USD,11.075586161665846,2.4396,USD,21.621217408644497,1.6378673506779,Finance,Buy,27.02,USD,Investment banks/Brokers
BE,Bloom Energy Corporation,-6.901836056093683,11493455,0.9858560179675504,91585241511.13472,USD,,-0.0564,USD,32.85714285714286,0,Electronic technology,Buy,321.98,USD,Electronic production equipment
ING,"ING Group, N.V.",-1.7080745341615036,5480390,0.9795205934643065,91271173096.5108,USD,12.516312729861193,2.5287,USD,,3.34092857142857,Finance,Buy,31.65,USD,Major banks
UPS,"United Parcel Service, Inc.",-1.3148079074971994,4023904,0.690870832384093,89956159657.21913,USD,17.133189787757612,6.1769,USD,-9.902564252166055,6.11712047743379,Transportation,Buy,105.83,USD,Air freight/Couriers
ITUB,Itau Unibanco Banco Holding SA,0.1261034047919379,23430510,0.8819163399848768,89346490352.31151,USD,10.876712328767123,0.73,USD,7.892403192432752,6.58862034290504,Finance,Buy,7.94,USD,Major banks
SNPS,"Synopsys, Inc.",-0.662964397950834,2161077,1.0412609900675625,88367705629.0768,USD,106.76691729323309,4.3225,USD,-68.87197361409169,0,Technology services,Buy,461.5,USD,Packaged software
MMM,3M Company,-0.8454846219825973,2816252,0.625595662166631,84410446109.79292,USD,31.22274954662963,5.1834,USD,-34.5232681521904,1.85026344810685,Producer manufacturing,Buy,161.84,USD,Industrial conglomerates
LYG,Lloyds Banking Group Plc,-0.17421602787456072,18898406,0.48616048049877997,84186311572.0162,USD,13.665633198187455,0.4193,USD,,3.40649825783972,Finance,Buy,5.73,USD,Major banks
ABNB,"Airbnb, Inc.",-0.24427042172570113,3428889,0.8466226821780997,83685576318.66476,USD,34.200349762309415,4.0599,USD,2.1538384117957854,0,Consumer services,Buy,138.85,USD,Hotels/Resorts/Cruise lines
RCL,Royal Caribbean Cruises Ltd.,0.05495215929659913,4334301,1.7931062871232344,83014387239.89809,USD,18.89405703682,16.3824,USD,37.58860483085296,1.37380398241531,Consumer services,Buy,309.53,USD,Hotels/Resorts/Cruise lines
EMR,Emerson Electric Company,-4.7067438918847095,2925617,1.0330861429439542,80172714088.62273,USD,33.02417866371355,4.3344,USD,3.4463007159904335,1.45962319419479,Electronic technology,Buy,143.14,USD,Electronic equipment/Instruments
SNOW,Snowflake Inc.,1.6858643364667432,4510957,0.7067047193160174,79860106115.92189,USD,,-3.5146,USD,16.45828381269312,0,Technology services,Strong buy,230.41,USD,Packaged software
DDOG,"Datadog, Inc.",-0.36138591498396866,3280491,0.6458733531119506,78514138845.95152,USD,588.6575927408594,0.3747,USD,-18.825823223570197,0,Technology services,Strong buy,220.57,USD,Packaged software
NOK,Nokia Corporation Sponsored,-5.0589050589050615,84536406,0.703037377583246,78325904470.45297,USD,85.46475358702432,0.1603,USD,8.67796610169492,0.832626472626473,Electronic technology,Buy,13.7,USD,Telecommunications equipment
NXPI,NXP Semiconductors N.V.,-7.208266303675291,6167763,1.3623667463892415,75726174825.65543,USD,28.700469824987803,10.4507,USD,13.848248815294934,1.25479519861403,Electronic technology,Buy,299.94,USD,Semiconductors
FDX,FedEx Corporation,-3.509945860453788,3550889,1.9418785404776209,75695605243.59804,USD,16.886683984158754,18.7864,USD,17.954642489388956,1.76409757284506,Transportation,Buy,317.24,USD,Air freight/Couriers
APO,"Apollo Global Management, Inc. (New)",-3.4021152281635927,4019818,1.1788358879110918,75298956645.71526,USD,85.88807785888079,1.5207,USD,-73.13820391436445,1.54759263368094,Finance,Buy,130.61,USD,Investment managers
COHR,Coherent Corp.,-10.40236908902886,5954792,0.9240785749655096,74581626547.01082,USD,182.00133677074385,2.0946,USD,,0,Electronic technology,Buy,381.22,USD,Semiconductors
GM,General Motors Company,-1.8401094119109833,7860765,0.8086932150586121,71186464741.46152,USD,31.844949983865764,2.4792,USD,-64.28849228641805,0.783289817232376,Consumer durables,Buy,78.95,USD,Motor vehicles
STM,STMicroelectronics N.V.,-9.360530596921524,14128851,0.9648324393293832,70717379147.22455,USD,470.93628088426533,0.1538,USD,-86.87713310580205,0.38293079714679,Electronic technology,Buy,72.43,USD,Semiconductors
MPWR,"Monolithic Power Systems, Inc.",-7.420604988685731,1636567,1.633836369276029,69949330543.27,USD,102.57636887608068,13.88,USD,-63.151159888922514,0.434364189663693,Electronic technology,Buy,1423.76,USD,Semiconductors
NWG,NatWest Group plc,-1.3135351227869811,7974832,1.2697390062168368,69900376966.9672,USD,9.245585874799358,1.869,USD,25.88401697312589,4.8847572815534,Finance,Buy,17.28,USD,Major banks
NBIS,Nebius Group N.V.,-2.9477098832904387,18766864,0.9846118744349538,69266779227.70088,USD,91.832649384446,2.9973,USD,,0,Technology services,Buy,275.25,USD,Packaged software
ALAB,"Astera Labs, Inc.",-9.69840331164992,6478314,0.8752750301595861,68052382384.67297,USD,267.6058236721488,1.4836,USD,532.3955669224212,0,Electronic technology,Buy,397.02,USD,Semiconductors
WBD,"Warner Bros. Discovery, Inc. - Series A",-0.25974025974026077,21616844,0.8588075922952981,67391836907.71949,USD,,-0.6988,USD,84.13440799182655,0,Consumer services,Neutral,26.88,USD,Cable/Satellite TV
FIX,"Comfort Systems USA, Inc.",-7.667032823455984,674602,1.3202240264404117,67168695031.98844,USD,55.0731539769267,34.6461,USD,107.81259372113385,0.125815989276606,Industrial services,Strong buy,1908.07,USD,Engineering & construction
DB,Deutsche Bank AG,-2.5214740925464216,2083539,0.590848963030562,65901957075.046974,USD,10.353674111755627,3.397827633,USD,59.0417610555007,3.17460317460317,Finance,Neutral,35.18,USD,Investment banks/Brokers
TER,"Teradyne, Inc.",-8.070021881838073,7671714,1.429609840420561,65766492273.90879,USD,77.75680177679068,5.403,USD,52.929521652986125,0.109409190371991,Electronic technology,Buy,420.12,USD,Electronic production equipment
VALE,VALE S.A.,-2.5461489497135603,28252995,1.2400154065127655,65269143622.269005,USD,23.366910866910867,0.6552,USD,-51.75612988734262,5.78322087842139,Non-energy minerals,Buy,15.31,USD,Steel
CIEN,Ciena Corporation,-0.10427302152802584,3816527,0.9034082453450543,65093107204.59139,USD,153.06394168358685,3.0043,USD,318.48446858894005,0,Electronic technology,Buy,459.85,USD,Telecommunications equipment
UMC,United Microelectronics Corporation (NEW),-4.72727272727273,25943473,1.3166007791284453,63553016219.68749,USD,40.61385831654007,0.6451,USD,18.453911127432985,1.35191636363636,Electronic technology,Sell,26.2,USD,Semiconductors
KEYS,Keysight Technologies Inc.,-5.560614989018052,1212346,0.842436158158799,60254289133.589226,USD,58.091409365011366,6.0694,USD,42.551142635695335,0,Electronic technology,Buy,352.58,USD,Electronic equipment/Instruments
CARR,Carrier Global Corporation,-1.5309672929714606,5385435,0.8644546932149625,58763565188.636055,USD,46.48183430786413,1.5221,USD,-65.07102370516557,1.29436325678497,Producer manufacturing,Buy,70.75,USD,Industrial machinery
CRWV,"CoreWeave, Inc.",-5.004942043310277,25319491,0.8062031421023598,57677697991.44433,USD,,-3.1473,USD,-21.728872558499315,0,Technology services,Buy,105.72,USD,Packaged software
DAL,"Delta Air Lines, Inc.",0.9310986964618215,6895039,0.7958806466503489,56974546539.78399,USD,12.662626852595459,6.8485,USD,21.407931358471153,0.872905027932961,Transportation,Strong buy,86.72,USD,Airlines
F,Ford Motor Company,-0.7795889440113355,65368276,1.2588825635652414,55785695772.92701,USD,,-1.4073,USD,-212.7644230769231,4.25230333097094,Consumer durables,Neutral,14,USD,Motor vehicles
FLEX,Flex Ltd.,-2.541557024581226,7937758,0.6068585021847417,55634487751.17451,USD,65.12415833940901,2.3317,USD,10.433835369896748,0,Electronic technology,Buy,151.85,USD,Electronic production equipment
RKLB,Rocket Lab Corporation,-5.155050353973478,22306423,0.6899366253913861,55061876405.56785,USD,,-0.3303,USD,19.985465116279073,0,Electronic technology,Buy,95.12,USD,Aerospace & defense
ROK,"Rockwell Automation, Inc.",-4.543172690763046,688584,1.011600622664494,50780981270.08007,USD,47.418952618453865,9.624,USD,21.16633932618221,1.1399765729585,Producer manufacturing,Buy,456.36,USD,Electrical products
CRDO,Credo Technology Group Holding Ltd,-10.086936400899111,10376006,1.0141691646285798,50722916631.80681,USD,109.68828131300911,2.4798,USD,789.7739504843918,0,Technology services,Strong buy,272.005,USD,Information technology services
MCHP,Microchip Technology Incorporated,-9.200662058222168,17126045,1.3771580609591472,50554307945.33521,USD,431.959240389069,0.2159,USD,,1.77197935936131,Electronic technology,Buy,93.26,USD,Semiconductors
FER,Ferrovial N.V.,-1.0599208592425098,1673393,0.892042662569245,50283489441.88868,USD,48.32806588248719,1.448640634,USD,-68.71270985641983,1.53350373255437,Industrial services,Buy,70.01,USD,Engineering & construction
STT,State Street Corporation,0.011513441943458528,2136334,0.7553733796839441,48082737773.79016,USD,17.61985415673587,9.8599,USD,10.73438079087162,1.88820447872892,Finance,Buy,173.73,USD,Finance/Rental/Leasing
CCJ,Cameco Corporation,1.6998225459979521,3840118,1.0953468727167603,47425185620.83966,USD,101.40142335824892,1.073850804,USD,170.61195254337045,0.158165282720443,Non-energy minerals,Buy,108.89,USD,Other metals/Minerals
MT,Arcelor Mittal NY Registry Shares NEW,-0.705882352941181,1422438,0.7637923554074023,47174965686.47712,USD,15.305012210159818,4.1359,USD,149.60168980084492,0.766666666666667,Non-energy minerals,Buy,63.3,USD,Steel
ON,ON Semiconductor Corporation,-11.014823261117451,15490004,1.219210975660226,45876189450.706955,USD,83.44144272578231,1.4029,USD,-2.6912672539363216,0,Electronic technology,Buy,117.06,USD,Semiconductors
GFS,GlobalFoundries Inc.,-7.00345712055314,3462354,1.1929633111015319,45756159249.80718,USD,59.906609195402304,1.392,USD,,0,Electronic technology,Buy,83.39,USD,Semiconductors
GRMN,Garmin Ltd.,0.029618346450026728,1322473,1.5378605150059876,45593133812.87293,USD,26.360037910464403,8.9685,USD,18.14337654125831,1.26089532030126,Electronic technology,Neutral,236.41,USD,Telecommunications equipment
VIK,Viking Holdings Ltd,1.0994502748625772,3750496,1.3584285082454217,45091256952.192406,USD,37.66944734098019,2.6852,USD,117.98993343075175,0,Consumer services,Buy,101.15,USD,Hotels/Resorts/Cruise lines
TTWO,"Take-Two Interactive Software, Inc.",1.281462620528444,3151153,1.0857045085971666,45050158908.861046,USD,,-1.6144,USD,93.64199183982105,0,Technology services,Strong buy,242.64,USD,Packaged software
DHI,"D.R. Horton, Inc.",0.08977811978967218,1561230,0.6520852481077799,44261107838.47172,USD,14.622036105412064,10.6743,USD,-19.23199152542372,1.12222649737078,Consumer durables,Neutral,156.08,USD,Homebuilding
HUM,Humana Inc.,-0.440785096473728,1568593,0.9945306277617433,43117686838.47929,USD,38.434700713834694,9.3439,USD,-33.932220407412906,0.981370592149035,Health services,Neutral,359.13,USD,Managed health care
XYZ,"Block, Inc.",-0.9579854933625136,4716125,0.7722559881493615,43073447758.217735,USD,56.222809198259796,1.2872,USD,-68.69116824362123,0,Commercial services,Strong buy,72.37,USD,Miscellaneous commercial services
CLS,"Celestica, Inc.",-6.803948625411311,1914774,1.1381316365661196,40378554407.42966,USD,42.70869049266209,8.223150744,USD,137.55662783391023,0,Electronic technology,Strong buy,351.2,USD,Electronic components
CCL,Carnival Corporation Ltd.,-4.869161974163639,40341592,1.4385576342253603,39727743544.50347,USD,12.768984527832117,2.2492,USD,49.77691949124326,0.993706525339516,Consumer services,Strong buy,28.72,USD,Hotels/Resorts/Cruise lines
UAL,"United Airlines Holdings, Inc.",2.418267610380848,5414027,0.8919240551047505,39451451107.150314,USD,10.844641917150684,11.2083,USD,2.1760137106184336,0,Transportation,Strong buy,121.55,USD,Airlines
HEI.A,Heico Corporation,1.701635552618538,379350,1.0621917690848013,39385151438.79135,USD,43.97849654408744,5.5991,USD,30.878193590612646,0.0991244011234099,Electronic technology,Buy,246.24,USD,Aerospace & defense
JBL,Jabil Inc.,-1.1266037535786235,2339930,1.554975338948247,39351422898.42697,USD,46.50458200860295,8.0205,USD,55.92254903866715,0.084826635563567,Producer manufacturing,Buy,372.99,USD,Industrial machinery
HEI,Heico Corporation,0.9119734259399181,353339,0.6368873722400388,39079345516.63757,USD,59.68280616527657,5.5991,USD,30.878193590612646,0.0724747093462177,Electronic technology,Buy,334.17,USD,Aerospace & defense
TEVA,Teva Pharmaceutical Industries Limited,3.1366459627329126,5567372,0.8757695033043421,36745467702.22,USD,24.67860592999926,1.3457,USD,,0,Health technology,Strong buy,33.21,USD,Pharmaceuticals: generic
RVMD,"Revolution Medicines, Inc.",2.23146975453832,3124242,1.1451299460540427,36037226431.85387,USD,,-7.073,USD,-76.93115869521715,0,Health technology,Strong buy,169.51,USD,Pharmaceuticals: other
HBAN,Huntington Bancshares Incorporated,2.052785923753653,19749638,0.7860580845402617,35272071126.58064,USD,13.323124042879018,1.306,USD,0.6861460180402538,3.63636363636364,Finance,Strong buy,17.4,USD,Major banks
STLD,"Steel Dynamics, Inc.",-2.9046139134592366,1678262,1.129880415644906,35143212688.90689,USD,26.10330348343974,9.3356,USD,23.396999537373596,0.80882938879592,Non-energy minerals,Buy,243.69,USD,Steel
WAT,Waters Corporation,-0.2930914166085168,843316,0.9441520001021049,35071986352.347244,USD,45.47016815815268,7.8557,USD,-28.76263885740195,0,Health technology,Buy,357.2,USD,Medical specialties
NTRA,"Natera, Inc.",2.6048951048950957,2063403,1.553424349383103,33621242542.10682,USD,,-1.6413,USD,-11.942436229709456,0,Health technology,Strong buy,234.76,USD,Biotechnology
TSEM,Tower Semiconductor Ltd.,-10.79375098627112,1856459,0.8910165501880175,31588009905.268417,USD,131.28193218764514,2.153,USD,19.213732004429676,0,Electronic technology,Buy,282.65,USD,Semiconductors
CNC,Centene Corporation,-0.8479899497487423,4990883,0.77399833760924,31178342544.305275,USD,,-13.1443,USD,-295.7045441010065,0,Health services,Buy,63.14,USD,Managed health care
NTAP,"NetApp, Inc.",-0.30951929758070185,3274165,1.0138699335456305,30920081593.760845,USD,24.82305199911919,6.3578,USD,11.901577020557582,1.31387783462826,Electronic technology,Neutral,157.82,USD,Computer peripherals
MTZ,"MasTec, Inc.",-3.908249655443984,1237149,1.154373494223229,30852005047.958157,USD,68.25754794496599,5.7201,USD,111.18289891456841,0,Industrial services,Strong buy,390.44,USD,Engineering & construction
TECK,Teck Resources Ltd,-6.169342146679259,3334467,1.1385481139932003,29186478439.94132,USD,22.014268397780114,2.708243532,USD,453.8008787023556,0.555679039786619,Non-energy minerals,Neutral,59.62,USD,Other metals/Minerals
MTSI,"MACOM Technology Solutions Holdings, Inc.",-6.084389037500634,2144225,1.3617437534496482,28393473874.474335,USD,161.35535900104057,2.3064,USD,,0,Electronic technology,Buy,372.15,USD,Semiconductors
STRL,"Sterling Infrastructure, Inc.",-4.341999463950684,687113,1.0255531180493636,27379541689.801125,USD,79.76987653437995,11.1853,USD,30.73659357613726,0,Industrial services,Strong buy,892.25,USD,Engineering & construction
ATI,ATI Inc.,-2.200009799598221,1646680,0.8041158024811329,27239497033.179478,USD,65.8224508640021,3.0324,USD,9.706595275134763,0,Non-energy minerals,Strong buy,199.6,USD,Other metals/Minerals
FSLR,"First Solar, Inc.",-5.271559423815136,1799359,0.7672186938198516,26781674331.82517,USD,16.10223146796222,15.4786,USD,31.587180141120463,0,Electronic technology,Buy,249.24,USD,Semiconductors
WSM,"Williams-Sonoma, Inc.",0.03538883482260643,1175767,0.8200718318832064,26627218673.902058,USD,25.3120068053861,8.9341,USD,1.1331220285261625,1.21206759267451,Retail trade,Buy,226.14,USD,Specialty stores
MKSI,MKS Inc.,-7.463857713524821,1641092,1.3214967362229408,26286151272.794533,USD,81.34484344299987,4.7842,USD,42.58210645526615,0.216378162450067,Producer manufacturing,Buy,389.17,USD,Industrial machinery
PPG,"PPG Industries, Inc.",-1.025899764547594,2251184,1.1455569964454506,26235328877.633705,USD,16.86270576942363,6.9799,USD,18.227243470307247,2.38816010763539,Process industries,Buy,117.7,USD,Industrial specialties
ENTG,"Entegris, Inc.",-8.57608695652174,5600125,1.5160511582209883,25653550000,USD,96.95677233429394,1.735,USD,-15.096647908000968,0.217391304347826,Producer manufacturing,Buy,168.22,USD,Industrial machinery
JBHT,"J.B. Hunt Transport Services, Inc.",-1.550387596899228,669920,0.579198765242852,25389118156.612404,USD,41.67995417743858,6.4597,USD,17.295540383497958,0.650870264735995,Transportation,Buy,269.24,USD,Trucking
SYF,Synchrony Financial,-0.8849557522123729,3766550,1.04812883033965,25241222448.42478,USD,7.7679551148009365,9.6602,USD,32.616723638510216,1.58499537709682,Finance,Buy,75.04,USD,Finance/Rental/Leasing
ILMN,"Illumina, Inc.",2.199776924030246,2062649,1.122479548811599,24953910258.07925,USD,29.933935896039785,5.5098,USD,,0,Health technology,Buy,164.93,USD,Medical specialties
MRNA,"Moderna, Inc.",2.7887774875726703,6814145,0.7669070337462864,24203962045.328167,USD,,-8.1462,USD,6.610262759664318,0,Health technology,Neutral,61,USD,Biotechnology
LUV,Southwest Airlines Company,1.7294626312538526,6106090,0.8463179992317276,24150308965.62693,USD,31.479357798165132,1.5696,USD,86.39116494478093,1.48239654107474,Transportation,Neutral,49.41,USD,Airlines
PHM,"PulteGroup, Inc.",0.7403279732526609,1398067,0.7589002162979094,24106049213.411877,USD,12.2329627839536,10.345,USD,-27.02094488300071,0.764209520776946,Consumer durables,Buy,126.55,USD,Homebuilding
AFRM,"Affirm Holdings, Inc.",-0.5124653739612252,2818079,0.6187476648035302,24055764171.67396,USD,65.27626317702654,1.1004,USD,,0,Technology services,Buy,71.83,USD,Packaged software
WST,"West Pharmaceutical Services, Inc.",2.026022868581483,784658,1.0316997410291096,23765142398.219498,USD,44.96891918989372,7.4805,USD,17.468318650774957,0.263868247854175,Health technology,Strong buy,336.39,USD,Medical specialties
XPO,"XPO, Inc.",-0.9791739152045325,1449408,0.8114726164775075,23390416654.064217,USD,68.25875419721784,2.9186,USD,-10.196923076923074,0,Transportation,Buy,199.22,USD,Trucking
SNX,TD SYNNEX Corporation,2.4288639412553823,1000382,1.1572343544687413,23324671770.977196,USD,24.1046133907134,12.0367,USD,50.41738521906475,0.649579891265975,Distribution services,Strong buy,290.14,USD,Electronics distributors
CPAY,"Corpay, Inc.",-2.249618342598727,707784,1.0305181797824594,22181220531.521503,USD,20.28609515383742,16.7287,USD,17.324402987691553,0,Commercial services,Buy,339.36,USD,Miscellaneous commercial services
TTMI,"TTM Technologies, Inc.",-3.7476859168284693,2038832,0.9660404307255928,22137717307.332912,USD,115.87215306843507,1.8397,USD,145.6864316239316,0,Electronic technology,Strong buy,213.17,USD,Electronic components
HPQ,HP Inc.,0.5522514868309369,16469108,0.9071426225351525,21646753271.285046,USD,8.735606731620903,2.7096,USD,4.43228243274494,5.00764655904843,Technology services,Neutral,23.67,USD,Information technology services
IONQ,"IonQ, Inc.",-0.8058984910836743,26838704,1.0624309547349582,21593665220.76646,USD,,-0.1712,USD,88.51160917997584,0,Electronic technology,Buy,57.85,USD,Computer processing hardware
SQM,Sociedad Quimica y Minera S.A.,-2.733630006357286,694456,0.5351724601375292,21518019679.23515,USD,26.892115161528455,2.8447,USD,35.236510577608755,0.841296884933249,Process industries,Buy,76.5,USD,Chemicals: specialty
AMKR,"Amkor Technology, Inc.",-7.300908605024049,6581189,0.9039209980627446,21495505013.194233,USD,49.469480889903025,1.753,USD,37.40398181533154,0.35533939070016,Electronic technology,Buy,86.72,USD,Semiconductors
DKS,Dick's Sporting Goods Inc,-0.7628788196336477,822805,0.7535383944161569,21189814038.06535,USD,22.508176148463644,10.5184,USD,-24.83420992453694,2.04866496206564,Retail trade,Buy,236.75,USD,Specialty stores
CHRW,"C.H. Robinson Worldwide, Inc.",-4.3994226760036295,1910302,1.5403706013446359,21080415164.02737,USD,36.20096352374398,4.9402,USD,18.025658790644343,1.33639813973379,Transportation,Buy,178.84,USD,Air freight/Couriers
FN,Fabrinet,-5.435187735986659,674641,0.7981962759650921,20908444879.50825,USD,50.17497399035278,11.6303,USD,29.62884529647794,0,Electronic technology,Buy,583.55,USD,Semiconductors
OKTA,"Okta, Inc.",1.9147835087114016,3282823,0.8987531352310376,20537078007.779194,USD,85.82219639744335,1.3768,USD,113.75562800807329,0,Technology services,Buy,118.16,USD,Packaged software
ROKU,"Roku, Inc.",-0.10724852071004572,6717853,0.590035798776948,20034351014.160797,USD,101.5603850203038,1.3298,USD,,0,Technology services,Buy,135.055,USD,Packaged software
LSCC,Lattice Semiconductor Corporation,-6.8686803632382425,1417458,0.728351069143144,19812021891.27133,USD,1018.3450704225353,0.142,USD,-61.776581426648725,0,Electronic technology,Buy,144.605,USD,Semiconductors
IREN,IREN Limited,-3.7805521364515537,32248081,0.7879328927880501,19527241207.84104,USD,188.4297520661157,0.2904,USD,,0,Technology services,Buy,54.72,USD,Data processing services
BWXT,"BWX Technologies, Inc.",-0.05238095238095888,1146443,1.1214168997565823,19228998239.83995,USD,55.96618937151694,3.7503,USD,19.235049120910563,0.495238095238095,Electronic technology,Buy,209.89,USD,Aerospace & defense
SN,"SharkNinja, Inc.",-2.641454965357965,1227949,0.6230360610795532,19091097642.148525,USD,27.193194646024835,4.9608,USD,57.1066632885736,0,Consumer durables,Strong buy,134.9,USD,Electronics/Appliances
TLN,Talen Energy Corporation,-5.98009677713868,1063271,1.0909076172113863,18699111522.400986,USD,,-0.8532,USD,-108.89259471572255,0,Utilities,Strong buy,411.92,USD,Alternative power generation
SITM,SiTime Corporation,-6.137136180157216,418827,0.7846224659948597,18659917378.710297,USD,,-1.0106,USD,73.44997898276586,0,Electronic technology,Buy,706.9,USD,Semiconductors
VTRS,Viatris Inc.,2.4057217165149494,8811119,0.8367088967723889,18341703780.77048,USD,,-0.259,USD,91.85252760388815,3.12093628088427,Health technology,Buy,15.75,USD,Pharmaceuticals: major
LII,"Lennox International, Inc.",-2.3225878665771087,348321,1.0956763813088817,18220914875.19611,USD,23.573348460904686,22.2111,USD,-1.0059366754617562,0.970076859935826,Producer manufacturing,Buy,523.59,USD,Industrial machinery
ALB,Albemarle Corporation,-4.2823409279469065,1950889,0.7294145974596906,17687838573.9275,USD,,-3.4136,USD,69.31098964326812,1.03388856978748,Process industries,Buy,149.98,USD,Chemicals: specialty
BEN,"Franklin Resources, Inc.",-0.4126142057176557,6605653,1.3683856925792581,17558539320.90716,USD,25.813598166539343,1.309,USD,89.572773352643,3.83141762452107,Finance,Neutral,33.79,USD,Investment managers
ITT,ITT Inc.,-2.3641017918988005,1099858,1.0451628512188695,17390087923.843998,USD,34.3008287779933,5.671,USD,-9.760677232512245,0.722280781006877,Producer manufacturing,Buy,194.52,USD,Auto parts: OEM
GH,"Guardant Health, Inc.",1.5524334394162849,1931997,0.93886333117294,17348047066.865013,USD,,-3.4003,USD,-0.6303640130216069,0,Health technology,Strong buy,130.83,USD,Medical specialties
WCC,"WESCO International, Inc.",-4.497998485340271,442913,0.8615283168790598,17197210092.57611,USD,25.097021821024946,14.069,USD,6.428528201404019,0.503421508168344,Distribution services,Buy,353.09,USD,Wholesale distributors
NVMI,Nova Ltd.,-9.470073743783232,733505,1.413665883357845,16777594734.105366,USD,66.20596239950835,7.9733,USD,21.042324508136993,0,Electronic technology,Buy,527.88,USD,Electronic equipment/Instruments
BBY,"Best Buy Co., Inc.",-1.131430074990132,5358385,1.3391746108737663,15839149540.394026,USD,13.903278324576336,5.4052,USD,32.098343027518446,5.01249835547954,Retail trade,Neutral,75.15,USD,Electronics/Appliance stores
WSO,"Watsco, Inc.",-2.3768758183100003,327808,0.9358608382059432,15815335757.680634,USD,32.23880597014926,12.0265,USD,-7.658228334062754,3.09698861919629,Producer manufacturing,Neutral,387.72,USD,Building products
ONTO,Onto Innovation Inc.,-9.195964009543797,1199855,0.8899920684706167,15712996967.553282,USD,146.64128870525974,2.1541,USD,-51.202881478796655,0,Electronic technology,Strong buy,315.88,USD,Electronic equipment/Instruments
VICR,Vicor Corporation,-8.045851229721219,1031656,1.4529965088287704,15320821329.3809,USD,112.56907465085904,2.9859,USD,484.2105263157895,0,Electronic technology,Strong buy,336.12,USD,Electronic components
RBRK,"Rubrik, Inc.",5.260172976038556,4970281,1.193209156010935,15280690043.662554,USD,,-1.4525,USD,48.86643666830951,0,Technology services,Strong buy,74.24,USD,Information technology services
SMTC,Semtech Corporation,-6.552967435471865,3483343,0.8062462726643878,15209722474.020947,USD,,-0.3956,USD,80.79984469035139,0,Electronic technology,Buy,163.28,USD,Semiconductors
MLI,"Mueller Industries, Inc.",-2.2794064941581094,513952,0.685845168937173,15074090673.901516,USD,17.862009328651542,7.6324,USD,39.06927590102401,0.788473944520106,Producer manufacturing,Buy,136.33,USD,Metal fabrication
MAS,Masco Corporation,-0.5028540364229472,2068528,0.8731335729813708,14768978429.808779,USD,18.187916128391134,4.0252,USD,10.023233565668985,0,Producer manufacturing,Buy,73.21,USD,Building products
LOGI,Logitech International S.A. - Registered Shares,-2.284002620986612,526150,0.6236117187089798,14731702083.804207,USD,21.689303177457568,4.81297159,USD,16.300313301917438,1.45631067961165,Electronic technology,Buy,104.39,USD,Computer peripherals
AA,Alcoa Corporation,-5.604113110539851,6572622,1.1120081077548103,14535053222.603598,USD,13.854164046582992,3.9757,USD,17.679966848212164,0.685518423307626,Non-energy minerals,Buy,55.08,USD,Aluminum
RRX,Regal Rexnord Corporation,-5.664130058803179,978557,1.0456295338249197,14524149240.506311,USD,50.71358839663428,4.3022,USD,22.566308652175152,0.605326876513317,Producer manufacturing,Buy,218.18,USD,Electrical products
DECK,Deckers Outdoor Corporation,-1.8376432698683318,2178485,1.1145723264188103,14392232902.980106,USD,14.722052535125227,7.0391,USD,11.11795163225358,0,Consumer non-durables,Buy,103.63,USD,Apparel/Footwear
CSL,Carlisle Companies Incorporated,-2.2384751773049603,292151,0.7227342242118476,14279314491.884087,USD,20.586896913832334,17.141,USD,-0.9751701348369187,1.21897163120567,Producer manufacturing,Buy,352.88,USD,Building products
WULF,TeraWulf Inc.,1.6601907453196836,24410715,0.8954062733957469,14261429507.901802,USD,,-2.5116,USD,-663.172288058341,0,Technology services,Strong buy,28.78,USD,Data processing services
EVR,Evercore Inc.,-1.97839803229602,392005,1.0179515544337456,14182563002.888887,USD,20.683274663778317,17.7264,USD,69.76708550413733,0.911667201368837,Finance,Buy,366.64,USD,Investment banks/Brokers
TOL,"Toll Brothers, Inc.",-0.6319115323854526,1253111,0.94295925422367,14110382091.436022,USD,11.423728300516096,13.2146,USD,-1.9746602575514773,0.664823591363876,Consumer durables,Buy,150.96,USD,Homebuilding
JHX,James Hardie Industries plc.,-0.9383924928600587,7842130,0.8661245654676935,14090575959.629538,USD,112.87773128777313,0.2151,USD,-78.03308823529413,0,Non-energy minerals,Buy,24.28,USD,Construction materials
DY,"Dycom Industries, Inc.",-0.7200700839725657,512820,0.9827163266545851,13953816004.188627,USD,44.20511844734088,10.511,USD,33.28514728446253,0,Industrial services,Strong buy,464.64,USD,Engineering & construction
RMBS,"Rambus, Inc.",-8.649804061275374,3659732,1.2311717845897139,13864241593.753687,USD,60.94210476281015,2.1038,USD,10.152363998115096,0,Electronic technology,Buy,128.21,USD,Semiconductors
ALLY,Ally Financial Inc.,-0.7461048935703388,2193787,0.5820590600558078,13864038421.46039,USD,11.023909917375514,4.1029,USD,201.50646678424457,2.63331138907176,Finance,Buy,45.23,USD,Finance/Rental/Leasing
HUT,Hut 8 Corp.,-0.4378717779246539,3566899,0.9394773997795214,13568716127.999504,USD,,-2.9097,USD,-418.94060995184594,0,Miscellaneous,Strong buy,120.51,USD,Miscellaneous
SANM,Sanmina Corporation,-2.529098441507199,822773,0.4744121821145236,13240783688.52239,USD,52.31238353379637,4.7224,USD,9.26675767602212,0,Electronic technology,Buy,247.04,USD,Electronic production equipment
BTSG,"BrightSpring Health Services, Inc.",-0.5357142857142848,2406628,0.6473607150334125,13117911367.476786,USD,62.130507529280536,1.0758,USD,282.3027718550107,0,Health services,Strong buy,66.84,USD,Medical/Nursing services
SWK,"Stanley Black & Decker, Inc.",-2.8965357432510714,1687757,0.9358555536302201,13028730651.977406,USD,34.33710258931498,2.4408,USD,3.6697247706421936,3.83501332406442,Consumer durables,Neutral,83.81,USD,Tools & hardware
APLD,Applied Digital Corporation,0.15486725663716877,17212797,0.7886346875965962,12936786898.525887,USD,,-0.7392,USD,46.25954198473283,0,Technology services,Strong buy,45.27,USD,Data processing services
EXEL,"Exelixis, Inc.",-0.019474196689382686,2574378,0.991139077782329,12904569014.354431,USD,17.016340194226245,3.0171,USD,36.87959350331185,0,Health technology,Buy,51.34,USD,Pharmaceuticals: major
EQH,"Equitable Holdings, Inc.",-0.11116051578478692,4640563,1.078788675664641,12648665554.21054,USD,,-2.8462,USD,-177.37392959086583,2.40106714095153,Finance,Strong buy,44.93,USD,Life/Health insurance
AUR,"Aurora Innovation, Inc.",-2.13414634146341,34390711,0.9924239076792779,12590923628.954268,USD,,-0.4398,USD,7.215189873417711,0,Technology services,Buy,6.42,USD,Packaged software
JEF,Jefferies Financial Group Inc.,-3.6459162553733466,5594087,2.8557711485733956,12372243793.264767,USD,20.484007446268407,2.9545,USD,2.373527373527366,2.54736506925649,Finance,Buy,60.52,USD,Investment banks/Brokers
CR,Crane Company,-1.0598242922883843,579517,1.0200768828491469,12291170266.196486,USD,38.954978038067345,5.464,USD,5.86069940908651,0.450890159438479,Electronic technology,Strong buy,212.85,USD,Aerospace & defense
VIAV,Viavi Solutions Inc.,-5.610124669437097,4717506,0.4548578218461624,12243598209.538912,USD,,-0.25,USD,-1290.4761904761906,0,Technology services,Strong buy,49.97,USD,Information technology services
GLXY,Galaxy Digital Inc.,-5.344202898550713,7298748,0.8324552940162191,12223367687.278082,USD,,-0.4075,USD,84.4001225021055,0,Finance,Strong buy,31.35,USD,Investment banks/Brokers
ALGN,"Align Technology, Inc.",-3.032918968692439,1112522,1.0482528820259704,12066937654.34703,USD,28.2374432284771,5.9669,USD,8.579903191760378,0,Health technology,Buy,168.49,USD,Medical specialties
IVZ,Invesco Ltd,-6.115357887421826,11272994,2.1428232263228932,11977875252.04378,USD,,-1.4859,USD,-219.0338860850757,2.93606671299514,Finance,Buy,27.02,USD,Investment managers
TFII,TFI International Inc.,-1.8386108273748647,319443,0.5594338604917032,11847115589.912685,USD,40.360936608788734,3.571522668,USD,-18.05004845229443,1.22226439601674,Transportation,Buy,144.15,USD,Trucking
AAOI,"Applied Optoelectronics, Inc.",-13.893593412369324,13591943,0.8764306127741341,11830993320.723705,USD,,-0.6602,USD,82.91938321432268,0,Electronic technology,Buy,147.44,USD,Semiconductors
ELAN,Elanco Animal Health Incorporated,-3.0125523012552256,4643757,0.8021366348545155,11577241194.569038,USD,,-0.4891,USD,-165.27425597224078,0,Health technology,Strong buy,23.18,USD,Biotechnology
ARW,"Arrow Electronics, Inc.",-3.99863731209812,449671,0.9258235151690843,11527636755.346762,USD,16.12820145943626,13.978,USD,92.4125209922088,0,Distribution services,Neutral,225.44,USD,Electronics distributors
SAIA,"Saia, Inc.",-1.1879371631693627,296570,0.5809755342635889,11491826109.87272,USD,45.25470013654028,9.521,USD,-20.559694954568577,0,Transportation,Neutral,430.87,USD,Trucking
SIMO,Silicon Motion Technology Corporation,-5.313149302463633,847045,0.9448403193145218,11306771444,USD,63.448495335839446,5.0277,USD,80.39827771797633,0.590679726921935,Electronic technology,Strong buy,319,USD,Semiconductors
CIFR,Cipher Digital Inc.,-1.77683013503909,18053585,0.7648019705994705,11306119486.267235,USD,,-2.2256,USD,-502.3274695534506,0,Technology services,Strong buy,27.64,USD,Data processing services
ARWR,"Arrowhead Pharmaceuticals, Inc.",-2.5609756097560905,1393551,0.8099957313304997,11254475090.230488,USD,,-2.1484,USD,-55.89579856323924,0,Health technology,Strong buy,79.9,USD,Biotechnology
ESI,Element Solutions Inc.,-6.579751476879209,6025799,1.9241984229604572,11171826604.9175,USD,74.84902888852619,0.6127,USD,-48.03663811381562,0.651863923405989,Process industries,Strong buy,45.86,USD,Chemicals: major diversified
RVTY,"Revvity, Inc.",0.8683360258481416,1116258,0.8711009294590059,11144821755.505856,USD,47.352704175949185,2.1097,USD,-16.586272339079542,0.282714054927302,Health technology,Buy,99.9,USD,Medical specialties
FORM,"FormFactor, Inc.",-8.853568236946256,1319349,0.8974953239189505,11131162289.893017,USD,164.1830516269978,0.8697,USD,25.697355109119822,0,Electronic technology,Buy,142.79,USD,Semiconductors
BROS,Dutch Bros Inc.,0.6116664180217761,2406920,0.5737379015226132,11113007496.193346,USD,106.38902035021296,0.6339,USD,64.56386292834893,0,Consumer services,Strong buy,67.44,USD,Restaurants
SWKS,"Skyworks Solutions, Inc.",-3.5967445523759634,8504008,1.5883668005427265,11045814872.928326,USD,30.533843339431233,2.4052,USD,-6.057883841737297,3.72801260173274,Electronic technology,Neutral,73.44,USD,Semiconductors
SNEX,StoneX Group Inc.,-0.6124360544707792,770735,0.6465720277640035,10931950741.202248,USD,24.60973042407807,5.6051,USD,42.496504385407405,0,Finance,Strong buy,137.94,USD,Investment banks/Brokers
RIOT,"Riot Platforms, Inc.",0.20957038071953293,11311627,0.8106947261529905,10849158029.211666,USD,,-2.458,USD,-80.44340038173543,0,Technology services,Strong buy,28.69,USD,Information technology services
AAL,"American Airlines Group, Inc.",0.37313432835822313,166445247,1.1446731559230554,10674755976.72015,USD,52.693437806072474,0.3063,USD,-64.63865158162086,0,Transportation,Buy,16.14,USD,Airlines
POWL,"Powell Industries, Inc.",-5.2956465237167025,1081921,1.6137765725775173,10619825045.00325,USD,56.96808614590865,5.1169,USD,7.9150497722287865,0.11641975308642,Producer manufacturing,Buy,291.5,USD,Electrical products
AAON,"AAON, Inc.",-4.9280258519389015,727249,0.8003933461330416,10603471487.355316,USD,91.05936972425435,1.4216,USD,-25.31259850793317,0.293772032902468,Producer manufacturing,Buy,129.45,USD,Industrial machinery
BAX,Baxter International Inc.,2.2380467955239127,5072627,0.6820740318670458,10381026701.65819,USD,,-1.9532,USD,-77.70903466472569,1.01729399796541,Health technology,Neutral,20.1,USD,Medical specialties
ALGM,"Allegro MicroSystems, Inc.",-9.840857421240655,3406711,1.2648446210583493,10339068628.029879,USD,,-0.0811,USD,79.04392764857882,0,Electronic technology,Strong buy,55.52,USD,Semiconductors
GSAT,"Globalstar, Inc.",0.12529758175666497,940562,0.5794862572233083,10291522695.12254,USD,,-0.1513,USD,75.50987374554873,0,Communications,Buy,79.91,USD,Wireless telecommunications
FLS,Flowserve Corporation,-1.9612650159352714,2064554,1.1507324168700486,10222005857.049032,USD,29.603582929266757,2.7017,USD,26.685735721654325,1.04192203971562,Producer manufacturing,Buy,79.98,USD,Industrial machinery
PL,Planet Labs PBC,-0.8342022940563033,12827843,0.7484795171358803,10168163998.335766,USD,,-1.1479,USD,-216.83687551752686,0,Technology services,Buy,28.53,USD,Packaged software
HBM,Hudbay Minerals Inc.,-9.136510211393768,5759878,1.0341185745113206,10073425050.876516,USD,15.427568302912368,1.6438105800000002,USD,334.47928555762417,0.0506072874493927,Non-energy minerals,Strong buy,25.36,USD,Other metals/Minerals
OC,Owens Corning Inc,-0.40121970791205264,650516,0.5954221265136095,9995175337.954422,USD,,-6.6945,USD,-340.3338718362951,2.37522067083935,Process industries,Buy,124.12,USD,Containers/Packaging
NUVL,"Nuvalent, Inc.",0.016204829039050413,1335904,0.1487858596765878,9751503328.413548,USD,,-6.0582,USD,-37.65820627598901,0,Health technology,Neutral,123.44,USD,Pharmaceuticals: major
TKR,Timken Company (The),-3.0499401281961065,1164744,0.9699807826642243,9565224002.823132,USD,31.31954399617721,4.3947,USD,-5.161958609378696,0.99316757061351,Producer manufacturing,Buy,137.64,USD,Industrial machinery
SIRI,SiriusXM Holdings Inc.,0.5010737294201755,5183308,0.6186500311616149,9452287929.672153,USD,11.671793166514256,2.4058,USD,,3.86542591267001,Consumer services,Neutral,28.08,USD,Broadcasting
QBTS,D-Wave Quantum Inc.,2.2885165508786365,48962953,1.6136373144253513,9272242332.09195,USD,,-1.1325,USD,-87.40691709415856,0,Electronic technology,Strong buy,25.03,USD,Computer processing hardware
CORZ,"Core Scientific, Inc.",0.27510316368638876,8390313,0.7449724426860318,9269534869.68776,USD,,-1.1469,USD,77.29495377427594,0,Technology services,Strong buy,29.16,USD,Packaged software
COLB,"Columbia Banking System, Inc.",1.2957563977972093,2389144,0.7096092287716517,9052364645.92679,USD,12.4780526735834,2.506,USD,5.841111627317635,4.76190476190476,Finance,Buy,31.27,USD,Regional banks
CAVA,"CAVA Group, Inc.",-4.092482690405542,4384731,1.3538241920716736,9034877144.881058,USD,148.94393241167433,0.5208,USD,-56.55655655655656,0,Consumer services,Buy,77.57,USD,Restaurants
CRL,"Charles River Laboratories International, Inc.",2.7759418374091167,632149,0.83400112458069,8988098715.228024,USD,,-3.7603,USD,-478.50769230769237,0,Commercial services,Buy,186.6,USD,Miscellaneous commercial services
GGAL,Grupo Financiero Galicia S.A.,-3.7127320457528543,913668,0.5654942241069527,8970702343.313437,USD,94.60206337509213,0.5428,USD,-94.1542636827708,3.53655540971311,Finance,Buy,51.35,USD,Regional banks
PRMB,Primo Brands Corporation,3.1024224394390156,2804656,0.8893764728437997,8803191542.120697,USD,154.12960609911053,0.1574,USD,,1.7849553761156,Consumer non-durables,Strong buy,24.26,USD,Beverages: non-alcoholic
QRVO,"Qorvo, Inc.",-2.3337909393998917,1605969,1.1152976089529987,8766162007.04844,USD,27.495583038869256,3.6224,USD,515.9496684237375,0,Electronic technology,Neutral,99.6,USD,Semiconductors
VSAT,"ViaSat, Inc.",-0.5449167055892907,1837944,0.5572390468266059,8724025267.437645,USD,,-0.295,USD,93.37465750348112,0,Electronic technology,Strong buy,63.88,USD,Telecommunications equipment
CORT,Corcept Therapeutics Incorporated,0.17563668297578794,947293,0.8931650541239583,8572024603.84958,USD,228.14285714285714,0.35,USD,-69.62069264820762,0,Health technology,Strong buy,79.85,USD,Pharmaceuticals: major
PRAX,"Praxis Precision Medicines, Inc.",0.6526253337288699,519280,0.9746634062766761,8513341241.684071,USD,,-13.3803,USD,-24.902451319007525,0,Health technology,Strong buy,305.37,USD,Pharmaceuticals: major
SYRE,"Spyre Therapeutics, Inc.",-3.259569377990427,2640323,1.749263775920222,8427943050.333434,USD,,-2.3577,USD,22.313750041187518,0,Health technology,Strong buy,97.05,USD,Pharmaceuticals: major
LTH,"Life Time Group Holdings, Inc.",1.339405304045004,2612451,0.9941728013194491,8421061970.176266,USD,22.216349541930935,1.7028,USD,77.70820288040076,0,Consumer services,Strong buy,37.83,USD,Other consumer services
BRKR,Bruker Corporation,-2.511940562533171,2144131,0.9535936051934942,8389154382.633115,USD,,-0.2404,USD,-145.78175585602744,0.353794445427207,Health technology,Buy,55.11,USD,Medical specialties
MTCH,"Match Group, Inc.",0.19863791146424595,3404261,1.005110524303578,8236641399.546538,USD,13.476070528967254,2.6202,USD,29.26492353231376,2.1850170261067,Technology services,Buy,35.31,USD,Internet software/Services
ENS,EnerSys,-4.082596376749374,454970,0.8018037721098752,8159166034.223749,USD,28.9589651865101,7.7154,USD,-14.410276890308843,0.441100712629862,Producer manufacturing,Buy,223.43,USD,Electrical products
VSH,"Vishay Intertechnology, Inc.",-8.262019604792275,7596962,0.833423309565639,8024814721.1899805,USD,3685,0.016,USD,,0.622374358176443,Electronic technology,Buy,58.96,USD,Electronic production equipment
MXL,"MaxLinear, Inc",-7.631688096225632,2642791,0.7854771824313229,7976754271.609292,USD,,-1.5146,USD,42.61574600287945,0,Electronic technology,Buy,89.08,USD,Semiconductors
CRUS,"Cirrus Logic, Inc.",-4.612780363944136,633549,1.1656483594607265,7960430438.986035,USD,20.11627610475049,7.8434,USD,30.61883826272315,0,Electronic technology,Buy,157.78,USD,Semiconductors
OSCR,"Oscar Health, Inc.",4.870357393132448,7748189,1.0588837909673348,7958447356.03679,USD,,-0.6096,USD,-318.80832735104093,0,Health services,Neutral,29.93,USD,Managed health care
EMN,Eastman Chemical Company,-3.446359088382421,1023887,0.9988849106855409,7945035142.01223,USD,20.101840064807316,3.4564,USD,-55.98344476281439,4.64146748193441,Process industries,Buy,69.48,USD,Chemicals: specialty
GGB,Gerdau S.A.,-1.8823529411764721,14112741,0.7811222646485595,7901627432.5215,USD,27.986577181208055,0.149,USD,-47.256637168141594,2.63343529411765,Non-energy minerals,Strong buy,4.17,USD,Steel
CMC,Commercial Metals Company,-2.9335516441533707,1395632,1.1729329652579943,7888528489.645244,USD,15.846568507339674,4.4893,USD,645.6070420195981,1.00968754263883,Non-energy minerals,Buy,71.14,USD,Steel
CAMT,Camtek Ltd.,-13.452891886368286,599599,1.42945692228066,7799473763.052729,USD,202.91087685673213,0.8348,USD,-68.4206544354076,0,Electronic technology,Buy,169.39,USD,Electronic components
BIRK,Birkenstock Holding plc,-2.193995381062346,1725882,0.6280729139884857,7788421795.533487,USD,19.052546337952133,2.2228,USD,54.58654982961263,0,Consumer non-durables,Strong buy,42.35,USD,Apparel/Footwear
NPO,Enpro Inc.,-5.231523281310454,374226,1.4495607655721088,7761302140.868515,USD,181.04178986792826,2.0292,USD,-49.46078553460686,0.322455823552173,Producer manufacturing,Strong buy,367.37,USD,Industrial machinery
RAL,Ralliant Corporation,2.215002953337271,1807335,1.144525004407536,7748012868.895157,USD,,-11.0026,USD,,0.147666863555818,Electronic technology,Buy,69.22,USD,Electronic equipment/Instruments
IMVT,"Immunovant, Inc.",-1.2598425196850498,921872,0.5297370875033415,7723721616.807873,USD,,-2.7697,USD,-1.2206263933048231,0,Health technology,Buy,37.62,USD,Biotechnology
IBRX,"ImmunityBio, Inc.",1.3850415512465448,11316360,1.0352978020904209,7666631085.34072,USD,,-0.8541,USD,-46.0499316005472,0,Health technology,Strong buy,7.32,USD,Pharmaceuticals: major
JXN,Jackson Financial Inc.,0.46626439934174907,374052,0.5013617316610552,7664069399.65277,USD,,-6.0985,USD,-694.3377838417307,3.01700493691717,Finance,Neutral,109.89,USD,Life/Health insurance
COMP,"Compass, Inc.",1.124744376278131,11066211,0.7914105600147059,7489454580.72904,USD,924.2990654205609,0.0107,USD,,0,Finance,Buy,9.89,USD,Real estate development
FLR,Fluor Corporation,-1.9294377067254762,2466162,0.7721363863967523,7454181851.007717,USD,42.61077844311377,1.2525,USD,-88.00379281281128,0,Industrial services,Buy,53.37,USD,Engineering & construction
MIDD,The Middleby Corporation,-1.7281728172817252,811256,1.0584592678529934,7404777839.516652,USD,,-6.473,USD,-180.8670123055781,0,Producer manufacturing,Buy,163.77,USD,Industrial machinery
KMX,CarMax Inc,-0.9351145038167977,2504515,0.47998424043614846,7361914022.973281,USD,34.164801895485056,1.5194,USD,-57.98003263364584,0,Retail trade,Neutral,51.91,USD,Specialty stores
AVT,"Avnet, Inc.",-3.0827474310438165,1013302,0.662622538826086,7349357179.361816,USD,34.899119732024616,2.5674,USD,-28.015476924802336,1.49269875608437,Distribution services,Neutral,89.6,USD,Electronics distributors
MYRG,"MYR Group, Inc.",-3.121636167922494,358878,1.1704794106605934,7287244803.552206,USD,51.58616432618328,9.0722,USD,316.55723403278387,0,Industrial services,Buy,468,USD,Engineering & construction
RYTM,"Rhythm Pharmaceuticals, Inc.",4.734194693756778,1289029,1.2051690022173114,7283950825.132064,USD,,-3.1376,USD,-11.452117078715546,0,Health technology,Strong buy,106.19,USD,Pharmaceuticals: major
HXL,Hexcel Corporation,-3.065752319483655,1150115,1.1893053465718393,7250061295.942316,USD,63.7823490378235,1.507,USD,-0.5543090933087096,0.705929810407422,Electronic technology,Buy,96.12,USD,Aerospace & defense
ACA,"Arcosa, Inc.",0.013802622498262118,2531786,3.344731747542828,7115044636.220014,USD,32.01661364439731,4.5264,USD,183.9648682559598,0.138026224982747,Non-energy minerals,Buy,144.92,USD,Construction materials
ETSY,"Etsy, Inc.",3.2395919492693603,2325544,0.7763859738102974,7106778949.434794,USD,30.606072990314278,2.4469,USD,73.82254741777366,0,Retail trade,Buy,74.89,USD,Internet retail
ST,Sensata Technologies Holding plc,-5.589941972920697,1445981,0.7300578247727122,7098538592.748744,USD,150.83436341161928,0.3236,USD,-60.381978452497556,0.928433268858801,Electronic technology,Buy,48.81,USD,Electronic equipment/Instruments
VNO,Vornado Realty Trust,0.1862692921766905,1165220,0.5594311721586275,7081880549.988025,USD,10.33857813658456,3.6417,USD,599.1169130351315,1.96913251729643,Finance,Neutral,37.65,USD,Real estate investment trusts
FAF,First American Corporation (New),1.6988869361452792,846616,0.7105244848941707,7075935979.660222,USD,10.665356023837317,6.5108,USD,329.69904963041176,3.20738137082601,Finance,Strong buy,69.44,USD,Specialty insurance
ROAD,"Construction Partners, Inc.",-3.1483667847304213,484940,0.6875702542708358,6956600443.67808,USD,54.092667487251624,2.2748,USD,95.47993469107159,0,Industrial services,Buy,123.05,USD,Engineering & construction
MAC,Macerich Company (The),1.4559068219634004,2576423,0.5228251715142048,6913618483.350251,USD,,-0.3184,USD,60.74466773517445,2.82861896838602,Finance,Buy,24.39,USD,Real estate investment trusts
ACMR,"ACM Research, Inc.",-3.925559755742946,1768682,1.0012313567091844,6850132666.765921,USD,75.3592336349122,1.3153,USD,-15.901534526854228,0,Producer manufacturing,Strong buy,99.12,USD,Industrial machinery
EXP,Eagle Materials Inc,-1.078299776286352,358256,0.7232365084078748,6830681497.119373,USD,16.854583571564703,13.1175,USD,-4.603468964764923,0.447427293064877,Non-energy minerals,Neutral,221.09,USD,Construction materials
MIRM,"Mirum Pharmaceuticals, Inc.",3.0620766447063166,1129073,1.2098650021543633,6773184768.707525,USD,,-13.6043,USD,-742.6845887016849,0,Health technology,Strong buy,111.07,USD,Pharmaceuticals: major
CAR,"Avis Budget Group, Inc.",2.2439338630019363,566591,1.0707238915252162,6727996695.448895,USD,,-19.0129,USD,69.79240810412325,0,Finance,Neutral,190.46,USD,Finance/Rental/Leasing
MRCY,Mercury Systems Inc,-0.7963493199713676,460866,0.6211718086611945,6656998753.393433,USD,,-0.2387,USD,78.55731225296442,0,Electronic technology,Buy,110.87,USD,Aerospace & defense
KLIC,"Kulicke and Soffa Industries, Inc.",2.3184672355498273,2331513,2.2388153002559616,6651508873.444695,USD,122.14107245819719,1.0406,USD,187.85615491009685,0.66011914345516,Producer manufacturing,Buy,127.1,USD,Industrial machinery
GTX,Garrett Motion Inc.,-2.145549434618736,2008370,0.8153569026043175,6317612421.027833,USD,19.602718243596446,1.7217,USD,33.289463497716184,0.811829515801682,Producer manufacturing,Buy,33.75,USD,Auto parts: OEM
M,Macy's Inc,-2.879156528791569,6380753,0.8890710944427631,6299759195.804948,USD,9.853128728349859,2.4307,USD,22.90539515598927,2.99553933495539,Retail trade,Neutral,23.95,USD,Department stores
VSXY,Victorias Secret & Co.,-2.246493732158357,1387152,0.7422180781943529,6260768009.529107,USD,32.252252252252255,2.442,USD,22.596515889351885,0,Retail trade,Buy,78.76,USD,Apparel/Footwear retail
ENPH,"Enphase Energy, Inc.",-9.902690326273609,6293480,0.8491953984649045,6223511824.786491,USD,46.47180395630351,1.0161,USD,-5.470276304772534,0,Producer manufacturing,Neutral,47.22,USD,Electrical products
CNTA,Centessa Pharmaceuticals plc,0.7964161274265811,11330436,4.936905679667454,6217009901,USD,,-1.7747,USD,1.5696062118691068,0,Health technology,Neutral,40.5,USD,Pharmaceuticals: major
CACC,Credit Acceptance Corporation,2.1540006579744873,169791,0.6400020203725929,6171128733.861254,USD,14.661173003183377,40.2403,USD,71.74104170578894,0,Finance,Neutral,589.97,USD,Finance/Rental/Leasing
URBN,"Urban Outfitters, Inc.",-2.405498281786942,876169,0.7139639569898502,6080091110.391753,USD,13.626854499740897,5.2103,USD,9.171101705569301,0,Retail trade,Buy,71,USD,Apparel/Footwear retail
SSRM,SSR Mining Inc.,-4.752604166666658,3116736,0.9174512417401789,6071188678.292318,USD,28.19154061084883,1.0379,USD,160.19052394083732,0,Non-energy minerals,Strong buy,29.26,USD,Precious metals
CROX,"Crocs, Inc.",-2.1486268174474934,1533947,1.2464333426426322,6019404067.922133,USD,,-1.3786,USD,-108.44932306127075,0,Consumer non-durables,Buy,121.14,USD,Apparel/Footwear
VSEC,VSE Corporation,-0.8675481326838341,355412,0.717395920548965,5995252280.400835,USD,82.24788298691301,2.598,USD,228.11315988886082,0.185571793087451,Industrial services,Strong buy,213.68,USD,Engineering & construction
SEI,"Solaris Energy Infrastructure, Inc.",-5.135694292320797,1930236,0.8823781508191194,5732598065.194111,USD,94.02895054282268,0.829,USD,67.71191584058262,0.584154801022271,Industrial services,Strong buy,77.95,USD,Oilfield services/Equipment
SPHR,Sphere Entertainment Co.,0.6105316713304373,480537,0.6510369318836131,5662326771.438564,USD,82.10504463358936,1.9268,USD,,0,Consumer services,Strong buy,158.2,USD,Media conglomerates
MARA,"MARA Holdings, Inc.",-1.0101010101010124,42217420,1.0598033683031074,5604676608.363637,USD,,-5.7231,USD,-297.5203167326526,0,Technology services,Buy,14.7,USD,Data processing services
MTRN,Materion Corporation,-4.44396427542496,308960,0.7756349795911297,5519465901.090464,USD,72.50717311108075,3.6595,USD,680.6100682593857,0.203471622010948,Electronic technology,Buy,265.34,USD,Electronic equipment/Instruments
TFX,Teleflex Incorporated,2.1287088024985645,407232,0.8109427245016689,5501016244.863319,USD,,-22.8098,USD,-818.9170448814925,1.11777759513438,Health technology,Neutral,124.26,USD,Medical specialties
ALK,"Alaska Air Group, Inc.",0.840163934426237,3242050,0.9137393215762093,5483419920.254099,USD,91.98130841121495,0.535,USD,-80.56241825316087,0,Transportation,Buy,49.21,USD,Airlines
MC,Moelis & Company,0.5527337914550411,560777,0.4780872655876013,5480276780.507768,USD,24.167025707310067,2.7852,USD,27.56835982228737,3.88407529130565,Finance,Neutral,67.31,USD,Investment banks/Brokers
LEGN,Legend Biotech Corporation,-0.13633265167007208,2087553,0.6296061684938957,5449605511,USD,,-1.3602,USD,-13.7671462027434,0,Health technology,Strong buy,29.3,USD,Pharmaceuticals: major
HNGE,"Hinge Health, Inc.",2.222222222222224,1317635,0.6292731267013707,5446013340.3555565,USD,,-6.5862,USD,-478.2563749138525,0,Technology services,Strong buy,70.38,USD,Packaged software
NOVT,Novanta Inc.,-2.7752794552229174,422857,0.7357822461649823,5389498772.230246,USD,109.31022029613578,1.3845,USD,-29.174340085942298,0,Electronic technology,Buy,151.34,USD,Electronic equipment/Instruments
MDA,MDA Space Ltd.,-1.7263264788017256,1666095,0.946127580357626,5371050937.05373,USD,66.22958901930866,0.58448196,USD,7.677277161177838,0,Electronic technology,Strong buy,38.71,USD,Electronic production equipment
TWST,Twist Bioscience Corporation,-0.19960079840319558,1768635,0.7711374955505471,5293061467.065867,USD,,-1.3287,USD,59.20353710583684,0,Health technology,Strong buy,85,USD,Biotechnology
ACLS,"Axcelis Technologies, Inc.",-6.992170508916913,562663,0.7799481238706157,5257340241.091671,USD,53.293040064801545,3.2098,USD,-41.20276236009599,0,Producer manufacturing,Neutral,171.06,USD,Industrial machinery
ENVA,"Enova International, Inc.",3.052652144182866,330089,0.7221778336305862,5250464607.873595,USD,17.09016094672639,12.3457,USD,45.41974392499149,0,Finance,Strong buy,210.99,USD,Finance/Rental/Leasing
USAR,"USA Rare Earth, Inc.",-5.099502487562191,11509871,0.6975509276064685,5230951612.241294,USD,,-3.8839,USD,-581.3359771966788,0,Producer manufacturing,Strong buy,22.89,USD,Metal fabrication
TVTX,"Travere Therapeutics, Inc.",1.5242242787153029,1581782,0.6291707949260524,5202953073.786065,USD,,-0.5348,USD,80.93336660843524,0,Health technology,Strong buy,55.95,USD,Pharmaceuticals: major
SYNA,Synaptics Incorporated,-6.523402183740173,659609,0.828034017222019,5193290846.238542,USD,,-1.2393,USD,-130.03344319503685,0,Electronic technology,Buy,134.41,USD,Semiconductors
BB,BlackBerry Limited,0.341296928327658,24723424,0.8209994557016053,5169062114.292135,USD,101.26960160975035,0.08709425000000001,USD,,0,Technology services,Neutral,8.82,USD,Packaged software
CVLT,"Commvault Systems, Inc.",-0.6189984921831609,643963,0.6253585214509811,5165816410.502817,USD,79.15929203539822,1.582,USD,-6.229624799952579,0,Technology services,Buy,125.23,USD,Packaged software
ALM,Almonty Industries Inc.,-2.5187566988210017,3302906,0.5799961824172393,5161264120.48787,USD,,-0.527759172,USD,-192.2433910617194,0,Non-energy minerals,Strong buy,18.19,USD,Other metals/Minerals
AUGO,Aura Minerals Inc.,-5.761569108182661,601629,0.5133315574646802,5153037834.607722,USD,57.78988911858673,1.0642,USD,,3.44774747165185,Non-energy minerals,Strong buy,61.5,USD,Other metals/Minerals
DIOD,Diodes Incorporated,-8.69990224828935,501748,0.8977950031044953,5149485726.608015,USD,60.76443480618053,1.8445,USD,234.9981837994915,0,Electronic technology,Buy,112.08,USD,Semiconductors
SEZL,Sezzle Inc.,-3.106026714386135,700550,0.920957148641473,5098192235.353998,USD,36.079579257990055,4.2021,USD,42.02521377632068,0,Technology services,Strong buy,151.61,USD,Packaged software
AXTI,AXT Inc,-15.71830376460407,13031190,1.3060468959312987,5097120654.012332,USD,,-0.3174,USD,25.59774964838255,0,Electronic technology,Buy,77.91,USD,Electronic production equipment
XMTR,"Xometry, Inc.",0.22935779816513077,788357,1.1701248631700032,5069912157.651377,USD,,-1.019,USD,-3.3154212714184275,0,Technology services,Buy,91.77,USD,Information technology services
SXT,Sensient Technologies Corporation,-0.27714789619551383,382893,0.6816094180241545,5054638546.543714,USD,35.11563257822203,3.3814,USD,11.944646758922078,1.37734105988074,Consumer non-durables,Buy,118.74,USD,Food: specialty/candy
MTH,Meritage Homes Corporation,0.6925945657964785,918399,0.8218736394750348,5042703885.823121,USD,13.853004232862403,5.4573,USD,-44.745714661779736,2.35748534896111,Finance,Buy,75.6,USD,Real estate development
SON,Sonoco Products Company,0.6539833531510073,1213843,0.8458053498603055,5021540699.272295,USD,12.386898519620516,4.1003,USD,166.47819587963866,4.22116527942925,Process industries,Buy,50.79,USD,Containers/Packaging
UCTT,"Ultra Clean Holdings, Inc.",-9.3470846191327,1315759,1.039289905438101,5004188693.275946,USD,,-4.292,USD,-794.7232113952734,0,Producer manufacturing,Strong buy,111.63,USD,Industrial machinery
NVTS,Navitas Semiconductor Corporation,-9.704641350210974,20910390,0.7409757113755063,5001461898.49789,USD,,-0.6271,USD,-19.24320212968244,0,Electronic technology,Neutral,21.4,USD,Semiconductors
ZETA,Zeta Global Holdings Corp.,5.630752571737968,16273523,1.956106632692832,4863015837.265838,USD,,-0.1046,USD,64.05498281786942,0,Technology services,Strong buy,19.51,USD,Packaged software
HRI,Herc Holdings Inc.,-6.60887701231833,602578,0.9319250739527948,4784890070.52708,USD,,-0.2658,USD,-105.92576078475085,1.82493645310565,Finance,Buy,143.29,USD,Finance/Rental/Leasing
TNL,Travel Leisure Co.,1.178045515394907,662432,0.7653676764703097,4717825514.485943,USD,21.12117147328415,3.5784,USD,-35.2161633717141,3.05220883534137,Consumer services,Strong buy,75.58,USD,Hotels/Resorts/Cruise lines
TREX,"Trex Company, Inc.",-2.2844827586206793,1739343,0.7514927301907517,4710768456.309052,USD,25.25201893622946,1.7955,USD,-1.7832722498769191,0,Non-energy minerals,Buy,45.34,USD,Forest products
ERAS,"Erasca, Inc.",-0.0663129973474787,4294900,0.827194266214223,4686536806.740054,USD,,-0.9328,USD,-49.511139605706035,0,Health technology,Strong buy,15.07,USD,Pharmaceuticals: major
CENX,Century Aluminum Company,-4.441752473248542,3566394,1.442405190434893,4684441424.812033,USD,14.151592166243086,3.3445,USD,194.90344766775414,0,Non-energy minerals,Strong buy,47.33,USD,Aluminum
IRDM,Iridium Communications Inc,1.9861431870669732,2817459,0.9125250919712364,4668937139.140877,USD,44.543070405487185,0.9914,USD,-6.893313298271978,1.31639722863741,Communications,Buy,44.16,USD,Specialty telecommunications
SKY,"Champion Homes, Inc.",2.1598535692495378,833156,0.9149912630851924,4595748587.303966,USD,22.92379726732565,3.6521,USD,6.936636214570154,0,Consumer durables,Buy,83.72,USD,Homebuilding
VECO,Veeco Instruments Inc.,-3.38239091143815,1267011,0.5787759274061407,4567745994.115157,USD,195.14993481095178,0.3835,USD,-63.96015412085331,0,Electronic technology,Neutral,74.84,USD,Electronic production equipment
LUNR,"Intuitive Machines, Inc.",-4.729422464756704,9186148,0.6140205038503165,4546588986.814462,USD,,-0.8716,USD,59.0605918271489,0,Electronic technology,Buy,20.95,USD,Aerospace & defense
CSTM,Constellium SE,-3.843930635838145,1467740,0.8627050830441956,4529725327.265896,USD,10.73780015491867,3.0984,USD,585.3351028533509,0,Non-energy minerals,Strong buy,33.27,USD,Aluminum
CVCO,"Cavco Industries, Inc.",-0.36787247087675734,137741,1.0998664104003455,4508905413.85653,USD,24.399806469911077,23.9756,USD,15.498304300909501,0,Consumer durables,Buy,585,USD,Homebuilding
POWI,"Power Integrations, Inc.",-7.761877504293076,1085093,0.9957880399496111,4489359190.758214,USD,270.641585488747,0.2977,USD,-54.178851777743574,0.973096737263881,Electronic technology,Buy,80.57,USD,Semiconductors
CLSK,"CleanSpark, Inc.",-1.4899713467048599,20899671,0.9990456812463506,4411102233.950717,USD,,-2.1014,USD,-126.29765237992679,0,Technology services,Strong buy,17.19,USD,Data processing services
LION,Lionsgate Studios Corp,-1.3806706114398477,1794667,0.38860868624701195,4359504558.185404,USD,,-0.7173,USD,-56.20644599303137,0,Consumer services,Buy,15,USD,Movies/Entertainment
LIVN,LivaNova PLC,-0.03811459789097564,576237,0.6592100557741468,4322170903.80892,USD,40.61532108197399,1.9372,USD,,0,Health technology,Buy,78.68,USD,Medical specialties
RELY,"Remitly Global, Inc.",-1.2584704743465709,2636893,0.4830056177279816,4295446019.361084,USD,41.828993233545205,0.4877,USD,,0,Commercial services,Strong buy,20.4,USD,Miscellaneous commercial services
VCYT,"Veracyte, Inc.",1.1280315848843794,844898,0.5587711001236323,4292046441.749578,USD,49.51670809168738,1.0863,USD,158.95113230035759,0,Health technology,Buy,53.79,USD,Medical specialties
KTB,"Kontoor Brands, Inc.",0.9193590753874479,585385,0.5876852588717499,4247127950.24954,USD,15.558435247428527,4.9388,USD,20.98378325412766,2.75807722616233,Consumer non-durables,Buy,76.84,USD,Apparel/Footwear
BFH,"Bread Financial Holdings, Inc.",0.10609567901234514,713156,0.8224498847784103,4193849428.311053,USD,8.508423166782801,12.1985,USD,117.5041009913701,0.868055555555556,Finance,Buy,103.79,USD,Finance/Rental/Leasing
BTDR,Bitdeer Technologies Group,-1.1474469305794566,8752151,0.8719988716816218,4192294242.386116,USD,,-2.4604,USD,-28.641639652828598,0,Technology services,Strong buy,17.23,USD,Data processing services
HGV,Hilton Grand Vacations Inc.,0.49923195084486394,1011180,0.7063509837487162,4148753773.5990777,USD,27.67262345352649,1.8914,USD,478.58672376873653,0,Finance,Buy,52.34,USD,Real estate development
EXTR,"Extreme Networks, Inc.",-1.2558869701726911,1865810,0.8383951841558988,4112971024.8006277,USD,261.42975893599333,0.1203,USD,,0,Electronic technology,Strong buy,31.45,USD,Computer peripherals
TXG,"10x Genomics, Inc.",-3.2483302975106154,3294492,0.9507104012789676,4046093648.9423194,USD,,-0.1744,USD,86.53489808523781,0,Health technology,Buy,31.87,USD,Biotechnology
DAVE,Dave Inc.,2.6636962417667567,496611,0.7467974961935375,4042749008.904107,USD,20.44415582745562,15.5531,USD,327.92956390149953,0,Finance,Strong buy,317.97,USD,Major banks
VKTX,"Viking Therapeutics, Inc.",7.537843682422012,6218272,2.814648222610196,4041637342.5949955,USD,,-4.1459,USD,-259.9808978032474,0,Health technology,Strong buy,34.81,USD,Pharmaceuticals: major
BELFB,Bel Fuse Inc.,-5.155587684421516,366890,1.4189090152487567,4037412270.778694,USD,70.40515159645827,4.0997,USD,17.24147792267217,0.0920053888870634,Electronic technology,Strong buy,288.64,USD,Electronic components
COLD,"Americold Realty Trust, Inc.",0.9305654974946241,3098790,0.7417668887817402,4022815533.6077304,USD,,-0.3905,USD,7.639545884578997,6.58554044380816,Finance,Neutral,14.1,USD,Real estate investment trusts
VRNS,"Varonis Systems, Inc.",7.092632222561908,9763140,7.514316287453005,4021939489.765209,USD,,-1.1341,USD,-39.925971622455286,0,Technology services,Buy,35.03,USD,Packaged software
KEEL,Keel Infrastructure Corp.,-0.9009009009009084,60104781,0.8696170512013316,3985268756.036036,USD,,-0.6507,USD,-186.14775725593665,0,Technology services,Strong buy,6.6,USD,Data processing services
DFTX,"Definium Therapeutics, Inc.",-1.3362421598036596,5640931,1.4392228723963933,3946035906.4270525,USD,,-2.5033,USD,-139.66491144088081,0,Health technology,Strong buy,36.18,USD,Pharmaceuticals: major
FLNC,"Fluence Energy, Inc.",-15.799920603414055,13325506,1.1132683701646449,3909229450.2195315,USD,,-0.3694,USD,-25.00846023688664,0,Producer manufacturing,Neutral,21.21,USD,Electrical products
SLG,SL Green Realty Corp,1.0691950776679466,956210,0.6979674774790688,3857840216.3264074,USD,,-2.5063,USD,-472.86857142857144,5.40145249142627,Finance,Buy,50.1,USD,Real estate investment trusts
CAKE,The Cheesecake Factory Incorporated,0.18203094526069505,1181503,0.7267243066551047,3828257460.258094,USD,22.572801312474365,3.4134,USD,7.157656809191945,1.48225198283708,Consumer services,Neutral,77.05,USD,Restaurants
RLAY,"Relay Therapeutics, Inc.",0.9259259259259267,5390191,1.5623313180359948,3800879382.046296,USD,,-1.5651,USD,29.88217373773577,0,Health technology,Strong buy,17.44,USD,Biotechnology
PLUG,"Plug Power, Inc.",-2.8673835125448055,49242187,0.9466361275883332,3780637187.1792116,USD,,-1.2976,USD,42.86720676294469,0,Electronic technology,Neutral,2.71,USD,Electronic production equipment
LASR,"nLIGHT, Inc.",1.9018404907975381,1561080,1.531825953846418,3747794548.718405,USD,,-0.2948,USD,74.13581330057906,0,Electronic technology,Strong buy,66.44,USD,Semiconductors
YETI,"YETI Holdings, Inc.",0.06257822277847547,1383187,0.9049596336580105,3634126682.6451817,USD,24.357672387529195,1.9694,USD,-4.993004968884178,0,Producer manufacturing,Buy,47.97,USD,Miscellaneous manufacturing
INFQ,"Infleqtion, Inc.",12.31527093596059,42801238,2.8332221325811373,3482422280.275862,USD,,-1.5417,USD,,0,Electronic technology,Strong buy,15.96,USD,Computer processing hardware
ELVN,"Enliven Therapeutics, Inc.",5.744125326370758,1981933,0.7102696166381874,3471900251.7101827,USD,,-1.6638,USD,13.788279185450023,0,Health technology,Strong buy,48.6,USD,Biotechnology
BEAM,Beam Therapeutics Inc.,-6.557838446383333,3604535,1.7730150564875293,3415589701.638053,USD,,-0.6871,USD,85.10223108779081,0,Health technology,Strong buy,33.2,USD,Biotechnology
PENG,"Penguin Solutions, Inc.",-1.4424492198999175,4808639,1.6793852366939241,3398053325.383574,USD,95657.14285714286,0.0007,USD,,0,Electronic technology,Strong buy,66.96,USD,Semiconductors
ADEA,Adeia Inc.,-4.464005029864817,1333270,0.6441696168218202,3351826913.941528,USD,28.157138886315206,1.0793,USD,61.83835657519866,0.628733102797862,Technology services,Strong buy,30.39,USD,Packaged software
NSIT,"Insight Enterprises, Inc.",4.185125836553867,439720,1.0363036210294314,3338438991.2992744,USD,19.314647188340963,5.7226,USD,14.516129032258055,0,Technology services,Buy,110.53,USD,Information technology services
AAP,Advance Auto Parts Inc.,-1.100685673042222,1466922,0.8869042084058806,3305042848.684049,USD,75.70441988950277,0.724,USD,,1.80440274269217,Retail trade,Neutral,54.81,USD,Specialty stores
HIMX,"Himax Technologies, Inc.",-9.51995685005394,2567798,0.6705715910418899,3233376160,USD,90.87215601300109,0.1846,USD,-63.116883116883116,1.94174757281553,Electronic technology,Neutral,16.775,USD,Semiconductors
AEHR,Aehr Test Systems,-9.65322509485573,1530602,0.9222906377077666,3220498800.997706,USD,,-0.3783,USD,-148.74371859296483,0,Electronic technology,Buy,102.39,USD,Electronic production equipment
ICHR,Ichor Holdings,-7.439012147374759,811555,0.6610304371057707,3214742397.367735,USD,,-1.4759,USD,-203.9332784184514,0,Producer manufacturing,Strong buy,92.2,USD,Industrial machinery
ARCB,ArcBest Corporation,-1.2774725274725174,331588,0.5495859310191658,3200195682.9026093,USD,59.001723996387824,2.4362,USD,-67.8036660631451,0.32967032967033,Transportation,Buy,143.74,USD,Trucking
WRBY,Warby Parker Inc.,-5.001852537977021,3145509,0.6359836776181172,3146418511.7347164,USD,2698.947368421053,0.0095,USD,,0,Retail trade,Buy,25.64,USD,Specialty stores
QURE,uniQure N.V.,10.475332282045501,3439211,1.0027073185942166,3066442101.9022303,USD,,-3.5126,USD,19.993622448979586,0,Health technology,Strong buy,49.04,USD,Biotechnology
COHU,"Cohu, Inc.",-8.134722420436692,1417453,0.9816294508849398,3036677032.84173,USD,,-1.1864,USD,35.48667754214247,0,Electronic technology,Strong buy,64.37,USD,Semiconductors
ATRO,Astronics Corporation,1.0384850335980558,656204,0.6604347004679174,3023025462.3103237,USD,70.68980254722626,1.1699,USD,,0,Electronic technology,Strong buy,82.7,USD,Aerospace & defense
TENB,"Tenable Holdings, Inc.",3.4927866362946154,2301209,0.8909124344749089,3006014200.466212,USD,,-0.0972,USD,74.14893617021276,0,Technology services,Buy,27.26,USD,Packaged software
DNN,Denison Mines Corp,0,29210082,1.1268258100034978,2959405544.9935484,USD,,-0.230629536,USD,-158.70418678733375,0,Non-energy minerals,Strong buy,3.27,USD,Other metals/Minerals
ASH,Ashland Inc.,-5.5399615895996455,831868,0.7136579779890799,2927670563.2740436,USD,,-15.3478,USD,-588.6127063890883,2.45235633032944,Consumer non-durables,Buy,63.94,USD,Food: specialty/candy
RDW,Redwire Corporation,-6.144393241167427,26957380,0.5689954056500758,2918445853.961598,USD,,-2.6879,USD,-18.97574362606233,0,Electronic technology,Buy,12.22,USD,Aerospace & defense
OUST,"Ouster, Inc.",-5.285234899328866,4224537,0.9066976089405504,2875470474.0931206,USD,,-0.9742,USD,50.41734527687297,0,Electronic technology,Buy,45.16,USD,Semiconductors
INOD,Innodata Inc.,-4.025143361270407,882948,0.6411407895209786,2841995760.2497787,USD,78.48318153124718,1.1089,USD,6.635253389749009,0,Technology services,Strong buy,87.03,USD,Data processing services
RARE,Ultragenyx Pharmaceutical Inc.,-0.9300723389596954,2043024,0.9735089085025307,2832550244.001378,USD,,-6.106,USD,-3.8223491804393683,0,Health technology,Strong buy,28.76,USD,Pharmaceuticals: major
WT,"WisdomTree, Inc.",-1.768488745980717,3118595,0.8821937868801851,2803413436.663987,USD,45.081160846040326,0.4066,USD,20.724465558194783,0.643086816720257,Miscellaneous,Buy,18.33,USD,Investment trusts
ALGT,Allegiant Travel Company,1.3309845370914068,400213,0.6697599803463126,2782707615.9747505,USD,,-2.0019,USD,82.70422048468618,0,Transportation,Buy,103.54,USD,Airlines
ADPT,Adaptive Biotechnologies Corporation,-0.805987334484747,2272806,0.5076522772448662,2757564935.6206107,USD,,-0.3274,USD,65.8673894912427,0,Health technology,Strong buy,17.23,USD,Biotechnology
PENN,"PENN Entertainment, Inc.",-1.584253480556881,2823094,0.8186234430868901,2743789044.5511284,USD,,-6.7047,USD,-974.9879749879749,0,Consumer services,Buy,20.5,USD,Casinos/Gaming
HOG,"Harley-Davidson, Inc.",3.6046982584042,3349440,1.2877440327306222,2692763246.614013,USD,14.517593643586832,1.762,USD,-34.202173344785095,2.94653705953827,Consumer durables,Neutral,25.58,USD,Motor vehicles
TE,T1 Energy Inc.,-11.153846153846155,31012088,0.7447123740441713,2580467292.6576924,USD,,-2.0321,USD,34.17233560090704,0,Producer manufacturing,Strong buy,9.24,USD,Electrical products
MGNI,"Magnite, Inc.",3.151862464183385,4480218,1.0893028540801757,2577870046.4183383,USD,17.382906808305165,1.0355,USD,422.1886031265759,0,Technology services,Strong buy,18,USD,Packaged software
WOLF,"Wolfspeed, Inc.",-7.664715876911464,5017386,0.6712828787575668,2541955622.4478006,USD,,-17.2532,USD,-106.57319715999569,0,Electronic technology,Sell,48.91,USD,Semiconductors
PAYO,Payoneer Global Inc.,0.5698005698005704,6395318,0.30015912335928896,2387652435.8404555,USD,35.8739837398374,0.1968,USD,-34.18060200668896,0,Commercial services,Neutral,7.06,USD,Miscellaneous commercial services
AXGN,"Axogen, Inc.",-0.5784204671857733,1100193,0.7034922004713594,2376517081.0242486,USD,,-0.6334,USD,-291.47095179233617,0,Health technology,Strong buy,44.69,USD,Medical specialties
NKTR,Nektar Therapeutics,1.5068493150684852,796981,0.9090250661938863,2253190223.9671235,USD,,-8.4203,USD,11.610891837420235,0,Health technology,Strong buy,66.69,USD,Pharmaceuticals: major
NWL,Newell Brands Inc.,1.7892644135188838,9272413,0.7695722398907117,2175488059.037773,USD,,-0.6708,USD,-14.295450673027768,5.56660039761431,Producer manufacturing,Neutral,5.12,USD,Industrial machinery
BRUN,Boost Run Inc.,0.5185825410544503,1633567,0.9353291777067436,2143246400.1356957,USD,275.1577287066246,0.1268,USD,,0,Technology services,Strong buy,34.89,USD,Packaged software
NTLA,"Intellia Therapeutics, Inc.",-3.1746031746031744,4883994,0.5911697791216807,2130764690.6031747,USD,,-3.5341,USD,32.41863311278541,0,Health technology,Buy,15.25,USD,Biotechnology
JBLU,JetBlue Airways Corporation,0.7285974499089259,19903702,0.7065422772507371,2057264547.218579,USD,,-1.9386,USD,-137.98183157377855,0,Transportation,Neutral,5.53,USD,Airlines
BFLY,"Butterfly Network, Inc.",5.502063273727654,12760313,0.9189839317584457,2003938556.7991748,USD,,-0.3004,USD,-0.8053691275167829,0,Health technology,Strong buy,7.67,USD,Medical specialties